{
  "negatif": {
    "precision": 0.6971153846153846,
    "recall": 0.7107843137254902,
    "f1-score": 0.7038834951456311,
    "support": 1020.0
  },
  "netral": {
    "precision": 0.0,
    "recall": 0.0,
    "f1-score": 0.0,
    "support": 199.0
  },
  "positif": {
    "precision": 0.7391304347826086,
    "recall": 0.8396656534954408,
    "f1-score": 0.7861970828886518,
    "support": 1316.0
  },
  "accuracy": 0.7218934911242604,
  "macro avg": {
    "precision": 0.47874860646599776,
    "recall": 0.5168166557403103,
    "f1-score": 0.49669352601142763,
    "support": 2535.0
  },
  "weighted avg": {
    "precision": 0.664202502754085,
    "recall": 0.7218934911242604,
    "f1-score": 0.6913595763826468,
    "support": 2535.0
  }
}