{
  "negatif": {
    "precision": 0.6907894736842105,
    "recall": 0.7205882352941176,
    "f1-score": 0.7053742802303263,
    "support": 1020.0
  },
  "netral": {
    "precision": 0.0,
    "recall": 0.0,
    "f1-score": 0.0,
    "support": 199.0
  },
  "positif": {
    "precision": 0.7423521414004078,
    "recall": 0.8297872340425532,
    "f1-score": 0.7836383207750269,
    "support": 1316.0
  },
  "accuracy": 0.7207100591715976,
  "macro avg": {
    "precision": 0.4777138716948728,
    "recall": 0.5167918231122236,
    "f1-score": 0.49633753366845107,
    "support": 2535.0
  },
  "weighted avg": {
    "precision": 0.6633296572942136,
    "recall": 0.7207100591715976,
    "f1-score": 0.6906310832248002,
    "support": 2535.0
  }
}