{
  "negatif": {
    "precision": 0.5925925925925926,
    "recall": 0.47761194029850745,
    "f1-score": 0.5289256198347108,
    "support": 67.0
  },
  "netral": {
    "precision": 0.0,
    "recall": 0.0,
    "f1-score": 0.0,
    "support": 14.0
  },
  "positif": {
    "precision": 0.6746031746031746,
    "recall": 0.8585858585858586,
    "f1-score": 0.7555555555555555,
    "support": 99.0
  },
  "accuracy": 0.65,
  "macro avg": {
    "precision": 0.42239858906525574,
    "recall": 0.4453992662947887,
    "f1-score": 0.4281603917967554,
    "support": 180.0
  },
  "weighted avg": {
    "precision": 0.5916078777189889,
    "recall": 0.65,
    "f1-score": 0.6124334251606979,
    "support": 180.0
  }
}