{
  "negatif": {
    "precision": 0.6744588744588744,
    "recall": 0.7637254901960784,
    "f1-score": 0.7163218390804598,
    "support": 1020.0
  },
  "netral": {
    "precision": 0.2,
    "recall": 0.005025125628140704,
    "f1-score": 0.00980392156862745,
    "support": 199.0
  },
  "positif": {
    "precision": 0.7701818181818182,
    "recall": 0.8047112462006079,
    "f1-score": 0.7870680044593088,
    "support": 1316.0
  },
  "accuracy": 0.7254437869822485,
  "macro avg": {
    "precision": 0.5482135642135643,
    "recall": 0.524487287341609,
    "f1-score": 0.5043979217027986,
    "support": 2535.0
  },
  "weighted avg": {
    "precision": 0.6869062424754733,
    "recall": 0.7254437869822485,
    "f1-score": 0.6975860947229492,
    "support": 2535.0
  }
}