{
  "negatif": {
    "precision": 0.5588235294117647,
    "recall": 0.2835820895522388,
    "f1-score": 0.37623762376237624,
    "support": 67.0
  },
  "netral": {
    "precision": 0.0,
    "recall": 0.0,
    "f1-score": 0.0,
    "support": 14.0
  },
  "positif": {
    "precision": 0.6068965517241379,
    "recall": 0.8888888888888888,
    "f1-score": 0.7213114754098361,
    "support": 99.0
  },
  "accuracy": 0.5944444444444444,
  "macro avg": {
    "precision": 0.38857336037863427,
    "recall": 0.39082365948037584,
    "f1-score": 0.3658496997240708,
    "support": 180.0
  },
  "weighted avg": {
    "precision": 0.5417996393959883,
    "recall": 0.5944444444444444,
    "f1-score": 0.5367653158758499,
    "support": 180.0
  }
}